{"dataset_manifest_sha256":"ac6120e8c1636f149413eab87b292bd3b5a354b4d3b523cb7b712a8407624abe","metrics":{"holdout":{"records":12,"reflectance_mae":2.9950414908020935e-13,"reflectance_max_abs":8.276712648580542e-13,"reflectance_rmse":3.4993900865306636e-13},"train":{"records":60,"reflectance_mae":2.079152262543784e-13,"reflectance_max_abs":6.969980148596733e-13,"reflectance_rmse":2.493917373063918e-13},"validation":{"records":12,"reflectance_mae":2.868586491403189e-13,"reflectance_max_abs":6.98885394001536e-13,"reflectance_rmse":3.319108291735276e-13}},"model_sha256":"4a6f46c319a789922c7981372e28e0aac4b3ddc95a858db542d0c6c63c3c9810","production_pass":false,"promotion_note":"Synthetic or research evaluation is not a production-ranking gate; an untouched real measured-spectrum holdout is still required.","schema_version":"moocow-km-evaluation-v1","status":"synthetic_only"}
