{"component_truth_mm_inv":{"base-clear":{"K_mm_inv":[0.07,0.071333333333,0.072666666667,0.074,0.075333333333,0.076666666667,0.078,0.079333333333,0.080666666667,0.082,0.083333333333,0.084666666667,0.086,0.087333333333,0.088666666667,0.09,0.091333333333,0.092666666667,0.094,0.095333333333,0.096666666667,0.098,0.099333333333,0.100666666667,0.102,0.103333333333,0.104666666667,0.106,0.107333333333,0.108666666667,0.11],"S_mm_inv":[13.0,13.125434155921,13.249494028981,13.37082039325,13.488083971691,13.6,13.705342302751,13.802956727631,13.891773790573,13.97082039325,14.039230484541,14.096254549171,14.141267819554,14.173777120881,14.193426274442,14.2,14.193426274442,14.173777120881,14.141267819554,14.096254549171,14.039230484541,13.97082039325,13.891773790573,13.802956727631,13.705342302751,13.6,13.488083971691,13.37082039325,13.249494028981,13.125434155921,13.0]},"red-oxide":{"K_mm_inv":[0.456823280528,0.469304541362,0.500417602597,0.571551783299,0.720518468664,1.005762126115,1.503992245619,2.29519523993,3.431972794299,4.898580662229,6.576263941844,8.238007830714,9.589311852712,10.350498337492,10.350498337492,9.589311852712,8.238007830714,6.576263941844,4.898580662229,3.431972794299,2.29519523993,1.503992245619,1.005762126115,0.720518468664,0.571551783299,0.500417602597,0.469304541362,0.456823280528,0.452226298569,0.450670548243,0.450186437423],"S_mm_inv":[21.5,21.63182875483,21.762949451412,21.892657834514,22.0202572345,22.145062309182,22.266402724817,22.383626756507,22.496104788638,22.603232696575,22.704435091446,22.799168410577,22.886923836996,22.967230032311,23.039655668289,23.103811743539,23.159353672859,23.205983138017,23.243449690032,23.271552094345,23.290139411663,23.299111808658,23.298421094178,23.288070978081,23.268117051312,23.23866648732,23.199877466427,23.151958326231,23.095166442616,23.029806847376,22.956230589875]},"yellow-oxide":{"K_mm_inv":[6.954103453182,9.118255792404,10.743763163024,11.35,10.743763163024,9.118255792404,6.954103453182,4.790938794695,3.016219929947,1.779148691356,1.033941764243,0.642227508603,0.461476501196,0.387966960136,0.361544857745,0.353134235378,0.350759687348,0.350164398724,0.350031763054,0.350005479063,0.350000843822,0.350000116026,0.350000014244,0.350000001561,0.350000000153,0.350000000013,0.350000000001,0.35,0.35,0.35,0.35],"S_mm_inv":[25.5,25.491782843052,25.467221401101,25.426584774443,25.370318186464,25.299038105677,25.213525491562,25.114717238216,25.003695909538,24.881677878439,24.75,24.610104964614,24.463525491562,24.311867536227,24.156792694901,24.0,23.843207305099,23.688132463773,23.536474508438,23.389895035386,23.25,23.118322121561,22.996304090462,22.885282761784,22.786474508438,22.700961894323,22.629681813536,22.573415225557,22.532778598899,22.508217156948,22.5]}},"dataset_status":"synthetic_only","locked_conditions":{"cure_protocol":"synthetic-7d-23C","geometry":"d/8","illuminant":"D65","instrument_id":"synthetic-spectro-v1","observer":"2deg"},"source_schema_version":"moocow-km-calibration-source-v1","synthetic_generator":{"noise_std":0.0,"seed":20260714},"wavelength_nm":[400,410,420,430,440,450,460,470,480,490,500,510,520,530,540,550,560,570,580,590,600,610,620,630,640,650,660,670,680,690,700]}
